<edmx:Edmx Version="1.0" xmlns:edmx="http://schemas.microsoft.com/ado/2007/06/edmx" xmlns:m="http://schemas.microsoft.com/ado/2007/08/dataservices/metadata" xmlns:sap="http://www.sap.com/Protocols/SAPData">
    <edmx:DataServices m:DataServiceVersion="2.0">
        <Schema Namespace="a642d0ac36960ed316b04968" xml:lang="en" sap:schema-version="0000" xmlns="http://schemas.microsoft.com/ado/2008/09/edm">
            <EntityContainer Name="a642d0ac36960ed316b04968_Entities" m:IsDefaultEntityContainer="true">
                <EntitySet Name="ObjectSet" EntityType="a642d0ac36960ed316b04968.Object" sap:creatable="false" sap:updatable="false" sap:deletable="false"/>
                <AssociationSet Name="ObjectRelationNameObject" Association="a642d0ac36960ed316b04968.ObjectRelationNameObject" sap:creatable="true" sap:updatable="true" sap:deletable="true">
                    <End EntitySet="ObjectSet" Role="FromRole_ObjectRelationNameObject"/>
                    <End EntitySet="ObjectSet" Role="ToRole_ObjectRelationNameObject"/>
                </AssociationSet>
                <EntitySet Name="InfoSet" EntityType="a642d0ac36960ed316b04968.Info" sap:creatable="true" sap:updatable="true" sap:deletable="true"/>
            </EntityContainer>
            <EntityType Name="Object" sap:pdm-semantics="business-data">
                <Key>
                    <PropertyRef Name="ID"/>
                </Key>
                <Property Name="ID" Type="Edm.String" sap:creatable="true" sap:updatable="true" sap:deletable="true" sap:label="ID"/>
                <Property Name="MessageID" Type="Edm.Guid" sap:creatable="true" sap:updatable="true" sap:deletable="true" sap:label="DefaultName"/>
                <Property Name="MessageName1" Type="Edm.String" sap:creatable="true" sap:updatable="true" sap:deletable="true" sap:label="DefaultName1"/>
                <Property Name="___FK_85d8ca7c5e5095aa16b40281_00007" Type="Edm.String" sap:creatable="true" sap:updatable="true" sap:deletable="true" sap:label="___FK_85d8ca7c5e5095aa16b40281_00007"/>
                <Property Name="ContractorUserName" Type="Edm.String" sap:creatable="true" sap:updatable="true" sap:deletable="true" sap:label="stacktraces"/>
                <Property Name="ContractorUserGroup" Type="Edm.String" sap:creatable="true" sap:updatable="true" sap:deletable="true" sap:label="ContractorUserGroup"/>
                <Property Name="AllContractors" Type="Edm.Boolean" sap:creatable="true" sap:updatable="true" sap:deletable="true" sap:label="AllContractors"/>
                <Property Name="Active" Type="Edm.Boolean" sap:creatable="true" sap:updatable="true" sap:deletable="true" sap:label="Active"/>
                <Property Name="ScheduledStart" Type="Edm.DateTime" sap:creatable="true" sap:updatable="true" sap:deletable="true" sap:display-format="Date" sap:label="ScheduledStart"/>
                <Property Name="ScheduledEnd" Type="Edm.DateTime" sap:creatable="true" sap:updatable="true" sap:deletable="true" sap:display-format="Date" sap:label="ScheduledEnd"/>
                <Property Name="Reminder" Type="Edm.Boolean" sap:creatable="true" sap:updatable="true" sap:deletable="true" sap:label="Reminder"/>
                <Property Name="MessageDescription" Type="Edm.String" sap:creatable="true" sap:updatable="true" sap:deletable="true" sap:label="MessageDescription"/>
                <Property Name="Createdon" Type="Edm.DateTime" sap:creatable="true" sap:updatable="true" sap:deletable="true" sap:display-format="Date" sap:label="Createdon"/>
                <Property Name="Creayedat" Type="Edm.DateTime" sap:creatable="true" sap:updatable="true" sap:deletable="true" sap:display-format="Date" sap:label="Creayedat"/>
                <Property Name="Createdby" Type="Edm.String" sap:creatable="true" sap:updatable="true" sap:deletable="true" sap:label="Createdby"/>
                <NavigationProperty Name="RelationName" Relationship="a642d0ac36960ed316b04968.ObjectRelationNameObject" FromRole="FromRole_ObjectRelationNameObject" ToRole="ToRole_ObjectRelationNameObject"/>
            </EntityType>
            <Association Name="ObjectRelationNameObject">
                <End Type="a642d0ac36960ed316b04968.Object" Multiplicity="1" Role="FromRole_ObjectRelationNameObject"/>
                <End Type="a642d0ac36960ed316b04968.Object" Multiplicity="*" Role="ToRole_ObjectRelationNameObject"/>
                <ReferentialConstraint>
                    <Principal Role="FromRole_ObjectRelationNameObject">
                        <PropertyRef Name="ID"/>
                    </Principal>
                    <Dependent Role="ToRole_ObjectRelationNameObject">
                        <PropertyRef Name="___FK_85d8ca7c5e5095aa16b40281_00007"/>
                    </Dependent>
                </ReferentialConstraint>
            </Association>
            <EntityType Name="Info">
                <Key>
                    <PropertyRef Name="ID"/>
                </Key>
                <Property Name="ID" Type="Edm.String" sap:creatable="true" sap:updatable="true" sap:deletable="true" sap:label="ID"/>
                <Property Name="ShortName" Type="Edm.String" sap:creatable="true" sap:updatable="true" sap:deletable="true" sap:label="ShortName"/>
                <Property Name="Url" Type="Edm.String" sap:creatable="true" sap:updatable="true" sap:deletable="true" sap:label="ShortName1"/>
                <Property Name="Content" Type="Edm.String" sap:creatable="true" sap:updatable="true" sap:deletable="true" sap:label="Content"/>
                <Property Name="DocumentID" Type="Edm.String" sap:creatable="true" sap:updatable="true" sap:deletable="true" sap:label="DocumentID"/>
                <Property Name="IsActive" Type="Edm.Boolean" sap:creatable="true" sap:updatable="true" sap:deletable="true" sap:label="IsActive"/>
            </EntityType>
        </Schema>
    </edmx:DataServices>
</edmx:Edmx>
