[{"ID":"1","MessageID":"","MessageName1":"MsgDesc1","___FK_85d8ca7c5e5095aa16b40281_00007":"","ContractorUserName":"user1,user2","ContractorUserGroup":"RGE_electranic_contractor","AllContractors":true,"Active":true,"ScheduledStart":"/Date(1609459200000)/","ScheduledEnd":"/Date(1612137600000)/","Reminder":true,"MessageDescription":"message for contractors","Createdon":"/Date(1609459200000)/","Creayedat":"/Date(1614556800000)/","Createdby":"Mahesh"},{"ID":"2","MessageID":"","MessageName1":"MsgDesc2","___FK_85d8ca7c5e5095aa16b40281_00007":"","ContractorUserName":"use3","ContractorUserGroup":"Group2","AllContractors":false,"Active":true,"ScheduledStart":"/Date(1609459200000)/","ScheduledEnd":"/Date(1612137600000)/","Reminder":true,"MessageDescription":"message for contractors","Createdon":"/Date(1609459200000)/","Creayedat":"/Date(1614556800000)/","Createdby":"Samara"},{"ID":"3","MessageID":"","MessageName1":"MsgDesc3","___FK_85d8ca7c5e5095aa16b40281_00007":"","ContractorUserName":"user4","ContractorUserGroup":"Group3","AllContractors":false,"Active":false,"ScheduledStart":"/Date(1609459200000)/","ScheduledEnd":"/Date(1612137600000)/","Reminder":true,"MessageDescription":"message for contractors","Createdon":"/Date(1609459200000)/","Creayedat":"/Date(1614556800000)/","Createdby":"Samara"}]