{"static":{},"combined":{"ObjectSet":[{"ID":"1","MessageID":null,"MessageName1":"MsgDesc1","___FK_85d8ca7c5e5095aa16b40281_00007":null,"ContractorUserName":"user1,user2","ContractorUserGroup":"RGE_electranic_contractor","AllContractors":true,"Active":true,"Reminder":true,"MessageDescription":"message for contractors","Createdby":"Mahesh"},{"ID":"2","MessageID":null,"MessageName1":"MsgDesc2","___FK_85d8ca7c5e5095aa16b40281_00007":null,"ContractorUserName":"use3","ContractorUserGroup":"Group2","AllContractors":false,"Active":true,"Reminder":true,"MessageDescription":"message for contractors","Createdby":"Samara"},{"ID":"3","MessageID":null,"MessageName1":"MsgDesc3","___FK_85d8ca7c5e5095aa16b40281_00007":null,"ContractorUserName":"user4","ContractorUserGroup":"Group3","AllContractors":false,"Active":false,"Reminder":true,"MessageDescription":"message for contractors","Createdby":"Samara"}],"InfoSet":[{"ID":"1","ShortName":"NWRSA Form","Url":null,"Content":null,"DocumentID":null,"IsActive":true},{"ID":"2","ShortName":"Training Document","Url":null,"Content":null,"DocumentID":null,"IsActive":false}]}}