<edmx:Edmx xmlns:edmx="http://schemas.microsoft.com/ado/2007/06/edmx"
	xmlns:m="http://schemas.microsoft.com/ado/2007/08/dataservices/metadata" xmlns:sap="http://www.sap.com/Protocols/SAPData" Version="1.0">
	<edmx:DataServices m:DataServiceVersion="2.0">
		<Schema xmlns="http://schemas.microsoft.com/ado/2008/09/edm" Namespace="ZSAMPLE_ODATA_SRV" xml:lang="en" sap:schema-version="1"><Annotation xmlns="http://docs.oasis-open.org/odata/ns/edm" Term="Core.SchemaVersion" String="1.0.0"/>
			<EntityType Name="EMP" sap:content-version="1">
				<Key><PropertyRef Name="Empid"/><PropertyRef Name="EmpName"/></Key><Property Name="Empid" Type="Edm.String" Nullable="false" MaxLength="10" sap:unicode="false" sap:label="Emp ID" sap:creatable="false"
					sap:updatable="false" sap:sortable="false" sap:filterable="false"/><Property Name="EmpName" Type="Edm.String" Nullable="false" MaxLength="100" sap:unicode="false" sap:label="Emp Name" sap:creatable="false"
					sap:updatable="false" sap:sortable="false" sap:filterable="false"/><Property Name="DeptId" Type="Edm.String" Nullable="false" MaxLength="10" sap:unicode="false" sap:label="Dept ID" sap:creatable="false"
					sap:updatable="false" sap:sortable="false" sap:filterable="false"/><Property Name="Salary" Type="Edm.Decimal" Nullable="false" Precision="14" Scale="3" sap:unicode="false" sap:unit="SalCur"
					sap:label="Emp Sal" sap:creatable="false" sap:updatable="false" sap:sortable="false" sap:filterable="false"/><Property Name="SalCur" Type="Edm.String" Nullable="false" MaxLength="5" sap:unicode="false" sap:label="Currency" sap:creatable="false"
					sap:updatable="false" sap:sortable="false" sap:filterable="false" sap:semantics="currency-code"/><Property Name="Country" Type="Edm.String" Nullable="false" MaxLength="40" sap:unicode="false" sap:label="country" sap:creatable="false"
					sap:updatable="false" sap:sortable="false" sap:filterable="false"/><Property Name="CreatedBy" Type="Edm.String" Nullable="false" MaxLength="12" sap:unicode="false" sap:label="Created By"
					sap:creatable="false" sap:updatable="false" sap:sortable="false" sap:filterable="false"/><Property Name="CreatedOn" Type="Edm.DateTime" Nullable="false" Precision="7" sap:unicode="false" sap:label="Created On"
					sap:creatable="false" sap:updatable="false" sap:sortable="false" sap:filterable="false"/></EntityType>
			<EntityContainer Name="ZSAMPLE_ODATA_SRV_Entities" m:IsDefaultEntityContainer="true" sap:supported-formats="atom json xlsx"><EntitySet Name="EMPSet" EntityType="ZSAMPLE_ODATA_SRV.EMP" sap:creatable="false" sap:updatable="false" sap:deletable="false"
				sap:pageable="false" sap:content-version="1"/></EntityContainer><atom:link xmlns:atom="http://www.w3.org/2005/Atom" rel="self" href="./sap/ZSAMPLE_ODATA_SRV/$metadata"/><atom:link xmlns:atom="http://www.w3.org/2005/Atom" rel="latest-version" href="./sap/ZSAMPLE_ODATA_SRV/$metadata"/></Schema>
	</edmx:DataServices>
</edmx:Edmx>